tpa_id,tpa_name,tpa_type,location,specialization
TPA001,Claims First Solutions,Full Service,London,General Claims
TPA002,Express Adjusters Group,Adjudication,Manchester,Fast Track
TPA003,Specialized Claims Partners,Niche,Birmingham,Medical Claims
TPA004,Recovery Focused Tpa,Recovery,Leeds,Subrogation
TPA005,Digital Claims Processors,Tech-Enabled,Liverpool,Automation
TPA006,Premium Settlement Services,Settlement,Edinburgh,Payment Processing
TPA007,Investigation Specialists,Investigation,Bristol,Fraud Detection
TPA008,Customer Resolution Team,Customer Service,Cardiff,Client Support
TPA009,Catastrophe Response,Cat Services,Belfast,Emergency Claims
TPA010,Quality Assurance Experts,Qa,Reading,Quality Control
TPA011,International Claims Handlers,Global,Coventry,Cross-Border
TPA012,Litigation Support Group,Legal,Sheffield,Defense
TPA013,Medical Evaluation Services,Medical,Nottingham,Healthcare Claims
TPA014,Document Management,Administration,Wolverhampton,File Management
TPA015,Analytics & Insights,Analytics,Plymouth,Data Analysis
TPA016,Vendor Management Office,Vendor,Stoke-on-Trent,Network Management
TPA017,Compliance & Audit,Compliance,Hull,Regulatory
TPA018,Training & Development,Training,Sunderland,Staff Training
TPA019,Tech Innovation Lab,Innovation,Bradford,Ai & Automation
TPA020,Strategic Partnerships,Partnerships,Oxford,Alliance Management
